"商品ID","商品規格ID","親規格分類ID","規格分類ID","親規格分類名","規格分類名","メーカーID","メーカー名","商品名","表示ステータス(公開・非公開)","メーカーURL(コメント1)","コメント2","検索ワード(コメント3)","コメント4","コメント5","コメント6","備考欄(SHOP専用)","一覧-メインコメント","一覧-メイン画像","詳細-メインコメント","会員用コンテンツ","nofollowにする","詳細-メイン画像","詳細-メイン拡大画像","詳細-サブタイトル(1)","詳細-サブコメント(1)","詳細-サブ画像(1)","詳細-サブ拡大画像(1)","詳細-サブタイトル(2)","詳細-サブコメント(2)","詳細-サブ画像(2)","詳細-サブ拡大画像(2)","詳細-サブタイトル(3)","詳細-サブコメント(3)","詳細-サブ画像(3)","詳細-サブ拡大画像(3)","詳細-サブタイトル(4)","詳細-サブコメント(4)","詳細-サブ画像(4)","詳細-サブ拡大画像(4)","詳細-サブタイトル(5)","詳細-サブコメント(5)","詳細-サブ画像(5)","詳細-サブ拡大画像(5)","発送日目安ID","削除フラグ","商品種別ID","商品コード","在庫数","在庫無制限フラグ","販売制限数","通常価格","販売価格","送料","ポイント付与率","ダウンロードファイル名","ダウンロード実ファイル","関連商品ID(1)","関連商品コメント(1)","関連商品ID(2)","関連商品コメント(2)","関連商品ID(3)","関連商品コメント(3)","関連商品ID(4)","関連商品コメント(4)","関連商品ID(5)","関連商品コメント(5)","関連商品ID(6)","関連商品コメント(6)","商品ステータス","商品ステータス名","カテゴリID","カテゴリ名"
"8","","","","","","","","みずほインベスターズ証券：文系：2011","1","","","みずほインベスターズ証券,証券,志望動機や興味・夢,志望動機や興味・夢,u00143,,,志望動機を教えて下さい。銀行・信託銀行との連携体制に魅力を感じたからです。 プラネットブースは、少々敷居の高い証券会社を、日常的にお客様が利用する、みずほ銀行に展開しています。そのため貴社の発展だけではなく、投資を日本に広めて、直接金融を、より身近に感じて頂く重要な役割を果たすため、日本経済にも貢献できると考えました。さらに貴社の全営業部支店が、みずほ信託代理店業務として、遺言に関する業務を行っています。お客様の利便性を追求することで、より多くの方に選ばれる証券会社を目指す、貴社の姿勢に共感しました。他社では伺うことができなかった、「銀行・信託・証券」の連携を行うことで、金融関連の情報を共有することができます。また、多様化・高度化するお客さまのニーズに的確かつ迅速に対応することもできると考えました。お客様のために率先して挑戦し続ける、貴社で多くのことを吸収し、自分自身を成長させたいと考え、貴社を志望しました。<div style='text-align,right;'>ジャンル：<a href='/products/list.php?mode=search&category_id=&name=志望動機や興味・夢'>志望動機や興味・夢</a></div><a href='/products/list.php?mode=search&category_id=&name=みずほインベスターズ証券'>みずほインベスターズ証券の通過エントリーシートをもっと見る</a><a href='/products/list.php?mode=search&category_id=&name=u00143'>この先輩の通過エントリーシートをもっと見る</a><a href='/products/list.php?mode=search&category_id=&name=証券'>同じ業種の通過エントリーシートをもっと見る</a>","","","","","志望動機を教えて下さい。
銀行・信託銀行との連携体制に魅力を感じたからです。 プラネットブースは、少々敷居の高い証券会社を、日常的にお客様が利用する、みずほ銀行に展開しています。そのため貴社の発展だけではなく、投資を日本に広めて、直接金融を、より身近に感じて頂く重要な役割を果たす...","","<h3>志望動機を教えて下さい。</h3>
銀行・信託銀行との連携体制に魅力を感じたからです。 プラネットブースは、少々敷居の高い証券会社を、日常的にお客様が利用する、みずほ銀行に展開しています。そのため貴社の発展だけではなく、投資を日本に広め...

<span style='color:red; font-weight:bold;'>※選考を通過した先輩のエントリーシート完全版をご覧頂くには、最初に有料会員登録をして頂く必要があります。</span>","<h3>志望動機を教えて下さい。</h3>
銀行・信託銀行との連携体制に魅力を感じたからです。 プラネットブースは、少々敷居の高い証券会社を、日常的にお客様が利用する、みずほ銀行に展開しています。そのため貴社の発展だけではなく、投資を日本に広めて、直接金融を、より身近に感じて頂く重要な役割を果たすため、日本経済にも貢献できると考えました。さらに貴社の全営業部支店が、みずほ信託代理店業務として、遺言に関する業務を行っています。お客様の利便性を追求することで、より多くの方に選ばれる証券会社を目指す、貴社の姿勢に共感しました。他社では伺うことができなかった、「銀行・信託・証券」の連携を行うことで、金融関連の情報を共有することができます。また、多様化・高度化するお客さまのニーズに的確かつ迅速に対応することもできると考えました。お客様のために率先して挑戦し続ける、貴社で多くのことを吸収し、自分自身を成長させたいと考え、貴社を志望しました。
<div style='text-align:right;'>ジャンル：<a href='/products/list.php?mode=search&category_id=&name=志望動機や興味・夢'>志望動機や興味・夢</a></div>

<a href='/products/list.php?mode=search&category_id=&name=みずほインベスターズ証券'>みずほインベスターズ証券の通過エントリーシートをもっと見る</a>
<a href='/products/list.php?mode=search&category_id=&name=u00143'>この先輩の通過エントリーシートをもっと見る</a>
<a href='/products/list.php?mode=search&category_id=&name=証券'>同じ業種の通過エントリーシートをもっと見る</a>","0","","","","","","","","","","","","","","","","","","","","","","","","0","1","es-0","","1","","0","0","","0","","","","","","","","","","","","","","","","","18",""
"9","","","","","","","","第一生命：文系：2011","1","","","第一生命,生命保険,志望動機や興味・夢,学生時代や自己PR,志望動機や興味・夢,u00143,,,学内外に関わらず、あなたが学生時代に最も力を入れたこと、自身を持って語ることができる経験に着いて具体的に教えて下さい。ニューヨークで0から友人作りをしたことです。大学２年生時に留学した際、ホームページを利用して２か月で友人３０人を作りました。より多くの人との交流を、学外でも積極的に行いたいと考えたからです。しかし、様々な国籍・年齢の方々と初めて会う際、文化の違いに困惑することが多かったため、ある工夫をしました。それは、相手の文化や趣味、住まいを事前に尋ねて、親しみ易い質問を３個用意することです。その結果、初対面の方とも話しが弾み、円滑に交流を深めることができました。この経験から、事前に相手を知って興味を持つことは信頼関係を築くきっかけとなることを学びました。当時できた友人とは今でも連絡を取り合う仲です。<div style='text-align,right;'>ジャンル：<a href='/products/list.php?mode=search&category_id=&name=学生時代や自己PR'>学生時代や自己PR</a></div>生命保険業界を取り巻く環境は大きく変化しています。生命保険業界、及び、及び第一生命で働きたいと考え理由を教えて下さい。多くの人と関わり、手助けをしたいため生命保険業界を志望しています。商品を通じて、ご加入者様に日々の安心を提供でき、万一の際には、周囲の方を経済的にサポートし、悲しみから立ち直るお手伝いができるからです。さらに貴社が築く、お客様との信頼関係に強く共感しました。創設以来「ご契約者第一主義」を掲げて伝統、実績、信頼を守り続けています。しかし一方で時代の変化と共に、業界初の株式化、他社との業務提携、商品開発にも取り組み、お客様との接点を積極的に増やしています。私は、この信頼獲得のために挑戦し続ける環境で、前向きに業務を行うことでやりがいを感じ、自身が最も成長できる会社だと考え、貴社を志望しました。<div style='text-align,right;'>ジャンル：<a href='/products/list.php?mode=search&category_id=&name=志望動機や興味・夢'>志望動機や興味・夢</a></div><a href='/products/list.php?mode=search&category_id=&name=第一生命'>第一生命の通過エントリーシートをもっと見る</a><a href='/products/list.php?mode=search&category_id=&name=u00143'>この先輩の通過エントリーシートをもっと見る</a><a href='/products/list.php?mode=search&category_id=&name=生命保険'>同じ業種の通過エントリーシートをもっと見る</a>","","","","","学内外に関わらず、あなたが学生時代に最も力を入れたこと、自身を持って語ることができる経験に着いて具体的に教えて下さい。
ニューヨークで0から友人作りをしたことです。大学２年生時に留学した際、ホームページを利用して２か月で友人３０人を作りました。より多くの人との交流を、学外でも積極...","","<h3>学内外に関わらず、あなたが学生時代に最も力を入れたこと、自身を持って語ることができる経験に着いて具体的に教えて下さい。</h3>
ニューヨークで0から友人作りをしたことです。大学２年生時に留学した際、ホームページを利用して２か月で友人３０人を作りました。より多くの人との交流を、学外でも積極的に行いたいと考えたからです。しかし、様...

<h3>生命保険業界を取り巻く環境は大きく変化しています。生命保険業界、及び、及び第一生命で働きたいと考え理由を教えて下さい。</h3>
多くの人と関わり、手助けをしたいため生命保険業界を志望しています。商品を通じて、ご加入者様に日々の安心を提供でき、万一の際には、周囲の方を経済的にサポートし、悲しみから立ち直るお手伝いができるからです...

<span style='color:red; font-weight:bold;'>※選考を通過した先輩のエントリーシート完全版をご覧頂くには、最初に有料会員登録をして頂く必要があります。</span>","<h3>学内外に関わらず、あなたが学生時代に最も力を入れたこと、自身を持って語ることができる経験に着いて具体的に教えて下さい。</h3>
ニューヨークで0から友人作りをしたことです。大学２年生時に留学した際、ホームページを利用して２か月で友人３０人を作りました。より多くの人との交流を、学外でも積極的に行いたいと考えたからです。しかし、様々な国籍・年齢の方々と初めて会う際、文化の違いに困惑することが多かったため、ある工夫をしました。それは、相手の文化や趣味、住まいを事前に尋ねて、親しみ易い質問を３個用意することです。その結果、初対面の方とも話しが弾み、円滑に交流を深めることができました。この経験から、事前に相手を知って興味を持つことは信頼関係を築くきっかけとなることを学びました。当時できた友人とは今でも連絡を取り合う仲です。
<div style='text-align:right;'>ジャンル：<a href='/products/list.php?mode=search&category_id=&name=学生時代や自己PR'>学生時代や自己PR</a></div>

<h3>生命保険業界を取り巻く環境は大きく変化しています。生命保険業界、及び、及び第一生命で働きたいと考え理由を教えて下さい。</h3>
多くの人と関わり、手助けをしたいため生命保険業界を志望しています。商品を通じて、ご加入者様に日々の安心を提供でき、万一の際には、周囲の方を経済的にサポートし、悲しみから立ち直るお手伝いができるからです。さらに貴社が築く、お客様との信頼関係に強く共感しました。創設以来「ご契約者第一主義」を掲げて伝統、実績、信頼を守り続けています。しかし一方で時代の変化と共に、業界初の株式化、他社との業務提携、商品開発にも取り組み、お客様との接点を積極的に増やしています。私は、この信頼獲得のために挑戦し続ける環境で、前向きに業務を行うことでやりがいを感じ、自身が最も成長できる会社だと考え、貴社を志望しました。
<div style='text-align:right;'>ジャンル：<a href='/products/list.php?mode=search&category_id=&name=志望動機や興味・夢'>志望動機や興味・夢</a></div>

<a href='/products/list.php?mode=search&category_id=&name=第一生命'>第一生命の通過エントリーシートをもっと見る</a>
<a href='/products/list.php?mode=search&category_id=&name=u00143'>この先輩の通過エントリーシートをもっと見る</a>
<a href='/products/list.php?mode=search&category_id=&name=生命保険'>同じ業種の通過エントリーシートをもっと見る</a>","0","","","","","","","","","","","","","","","","","","","","","","","","0","1","es-1","","1","","0","0","","0","","","","","","","","","","","","","","","","","18",""
"10","","","","","","","","明治安田生命：文系：2011","1","","","明治安田生命,生命保険,志望動機や興味・夢,学生時代や自己PR,志望動機や興味・夢,u00172,,,学生時代、あなたが一番時間をかけて取り組んだことを教えて下さい。大学2年生時に留学した際、ホームページを通じて2か月間で友人30人を作ったことです。より多くの人との交流を、学外で自ら図りたいと考えたためです。しかし、私は様々な国籍・年齢の方々と初めて会う際、文化の違いに困惑したため、ある工夫をしました。それは、相手の文化や趣味、住まいを事前に尋ねて、親しみ易い質問を3個用意することです。その結果、初対面の方とも話しが弾み、円滑に交流を深めることができました。この経験から、事前に相手を知って興味を持つことで、信頼関係を築くきっかけとなることを学びました。<div style='text-align,right;'>ジャンル：<a href='/products/list.php?mode=search&category_id=&name=学生時代や自己PR'>学生時代や自己PR</a></div>志望動機お客様と築く信頼力に共感したからです。私はこれまでに人から信頼されることに喜びを感じてきました。貴社はＭＹライフプランアドバイザーの改革、長期的な安定を図る資産運用、販売チャネルの拡大等を通して、お客様からの信頼の為に挑戦し続けています。この常に信頼に囲まれた環境で自身を成長させたいと考えました。<div style='text-align,right;'>ジャンル：<a href='/products/list.php?mode=search&category_id=&name=志望動機や興味・夢'>志望動機や興味・夢</a></div><a href='/products/list.php?mode=search&category_id=&name=明治安田生命'>明治安田生命の通過エントリーシートをもっと見る</a><a href='/products/list.php?mode=search&category_id=&name=u00172'>この先輩の通過エントリーシートをもっと見る</a><a href='/products/list.php?mode=search&category_id=&name=生命保険'>同じ業種の通過エントリーシートをもっと見る</a>","","","","","学生時代、あなたが一番時間をかけて取り組んだことを教えて下さい。
大学2年生時に留学した際、ホームページを通じて2か月間で友人30人を作ったことです。より多くの人との交流を、学外で自ら図りたいと考えたためです。しかし、私は様々な国籍・年齢の方々と初めて会う際、文化の違いに困惑した...","","<h3>学生時代、あなたが一番時間をかけて取り組んだことを教えて下さい。</h3>
大学2年生時に留学した際、ホームページを通じて2か月間で友人30人を作ったことです。より多くの人との交流を、学外で自ら図りたいと考えたためです。しかし、私は様々な国籍・年齢の方々と初めて会う際、文化の...

<h3>志望動機</h3>
お客様と築く信頼力に共感したからです。私はこれまでに人から信頼されることに喜びを感じてきました。貴社はＭＹライフプランアドバイザーの改革、長期的な安定を図る資産運用、販売チャネルの拡大等を通して、お客...

<span style='color:red; font-weight:bold;'>※選考を通過した先輩のエントリーシート完全版をご覧頂くには、最初に有料会員登録をして頂く必要があります。</span>","<h3>学生時代、あなたが一番時間をかけて取り組んだことを教えて下さい。</h3>
大学2年生時に留学した際、ホームページを通じて2か月間で友人30人を作ったことです。より多くの人との交流を、学外で自ら図りたいと考えたためです。しかし、私は様々な国籍・年齢の方々と初めて会う際、文化の違いに困惑したため、ある工夫をしました。それは、相手の文化や趣味、住まいを事前に尋ねて、親しみ易い質問を3個用意することです。その結果、初対面の方とも話しが弾み、円滑に交流を深めることができました。この経験から、事前に相手を知って興味を持つことで、信頼関係を築くきっかけとなることを学びました。
<div style='text-align:right;'>ジャンル：<a href='/products/list.php?mode=search&category_id=&name=学生時代や自己PR'>学生時代や自己PR</a></div>

<h3>志望動機</h3>
お客様と築く信頼力に共感したからです。私はこれまでに人から信頼されることに喜びを感じてきました。貴社はＭＹライフプランアドバイザーの改革、長期的な安定を図る資産運用、販売チャネルの拡大等を通して、お客様からの信頼の為に挑戦し続けています。この常に信頼に囲まれた環境で自身を成長させたいと考えました。
<div style='text-align:right;'>ジャンル：<a href='/products/list.php?mode=search&category_id=&name=志望動機や興味・夢'>志望動機や興味・夢</a></div>

<a href='/products/list.php?mode=search&category_id=&name=明治安田生命'>明治安田生命の通過エントリーシートをもっと見る</a>
<a href='/products/list.php?mode=search&category_id=&name=u00172'>この先輩の通過エントリーシートをもっと見る</a>
<a href='/products/list.php?mode=search&category_id=&name=生命保険'>同じ業種の通過エントリーシートをもっと見る</a>","0","","","","","","","","","","","","","","","","","","","","","","","","0","1","es-2","","1","","0","0","","0","","","","","","","","","","","","","","","","","18",""
